no.,state,county,city,parcelNumber,propertyNumber,propertyClass,civicNumber,streetName,postalCode,yearOfConstructionMin,yearOfConstructionMax,yearOfConstruction,age,occupancy,description,style,finishAreaSqft,sizeSqft,crawlArea,slabArea,atticArea,bsmtArea,wallType,wallHeight,heatingArea,acArea,numOfFloors,buildingHeightAverage,numOfUnits,grossFloorArea,assessmentYear,buildingAssessedValueTotal,medianIncome,priceIncomeRatio,constructionType,heatType,numOfBedrooms,numOfLivingRooms,numOfDiningRooms,numOfFamilyRooms,numOfRoomsTotal,numOfFullBathTF,numOfHalfBathTF,numOfKitchenSinkTF,numOfWaterheatersTF,roofing,wallFinish,floorFinish,hasGarage,numOfGarage,garageType,garageAverageArea,garageConstructionSystem,hasDeck,deckConstructionType,deckAverageArea,hasPatio,patioConstructionType,patioAverageArea,hasBarn,barnConstructionType,barnAverageArea,hasShed,shedConstructionType,shedAverageArea,Link to Property Card,Archetype,Archetype_Name
50.0,IN,Sullivan,Sullivan,77-10-03-222-049.000-012,12.12.00.001047,1 Family Dwell - Platted Lot,722.0,S Main St,47882.0,1945,2010,1945,77,Single-Family,Single-Family 1,CAPE COD,1026,2079,675,,702.0,351.0,,,No,1:1026 A:702,1.0,,1.0,2079,2022.0,35300.0,,,Wood Frame,,4.0,0.0,0.0,0.0,11.0,1.0,0.0,1.0,1.0,Asphalt,,,Yes,1.0,,204,,No,,,No,,,No,,,Yes,Utility Shed 1,64,Property Card,1,Medium-Sized Post-1980 Single-Family Homes
63.0,IN ,Sullivan,Sullivan,77-10-03-112-003.000-011,11.11.00.000724,1 Family Dwell - Platted Lot,51.0,S Co Rd 50 E,47882.0,1973,1973,1973,49,Single-Family,Single-Family 1,RANCH,1650,1650,1650,,,,,,No,,1.0,,1.0,1650,2022.0,100200.0,,,Wood Frame,Central Warm Air,3.0,1.0,1.0,0.0,7.0,2.0,0.0,1.0,1.0,Asphalt,,,Yes,1.0,attached,576,,No,,,No,,,No,,,No,,,Property Card,3,Large Older or Mixed-Use Buildings
74.0,IN,Sullivan,Sullivan,77-10-03-222-032.000-012,12.12.00.002908,1 Family Dwell - Platted Lot,801.0,S Main St,47882.0,1937,1950,1937,72,Single-Family,Single-Family 1,BUNGALOW,936,1170,702,,,234.0,,,No,,1.0,,1.0,,2022.0,36200.0,,,Wood Frame,Central Warm Air,2.0,0.0,0.0,0.0,5.0,3.0,0.0,1.0,1.0,Asphalt,,,Yes,1.0,Detached,400,Concrete Block,No,,,No,,,No,,,Yes,,384,Property Card,1,Medium-Sized Post-1980 Single-Family Homes
70.0,IN ,Sullivan,Sullivan,77-10-03-222-052.000-012,12.12.00.001111,1 Family Dwell - Platted Lot,802.0,S Main St,47882.0,1940,1992,1940,72,Single-Family,Single-Family 1,BUNGALOW,902,1318,486,,,416.0,,,,,1.0,,1.0,1318,2022.0,34000.0,,,Wood Frame,Central Warm Air,2.0,0.0,0.0,0.0,7.0,3.0,2.0,1.0,1.0,Asphalt,,,Yes,1.0,Detached,576,Wood Frame,No,,,No,,,No,,,No,,,Property Card,1,Medium-Sized Post-1980 Single-Family Homes
77.0,IN,Sullivan,Sullivan,77-10-03-222-029.000-012,12.12.00.002927,1 Family Dwell - Platted Lot,811.0,S Main St,47882.0,1920,1930,1920,92,Single-Family, Single-Family 1,CONVERSION,1968,2952,,,,984.0,,,No,,2.0,,1.0,,2022.0,23100.0,,,Wood Frame,Central Warm Air,3.0,0.0,0.0,1.0,10.0,6.0,0.0,1.0,1.0,Asphalt,,,Yes,1.0,Detached,196, Wood Frame,No,,,No,,,No,,,No,,,Property Card,1,Medium-Sized Post-1980 Single-Family Homes
31.0,IN,Sullivan,Sullivan,77-10-03-222-064.001-012,12.12.00.003001,"Exempt, Charitable Organization",711.0,S Section St,47882.0,1945,1984,1945,77,C/I Building,C/I Building,,5660,3296,,,,,"1: 1(34'),2(302')",,No,,1.0,,,5660,2022.0,84500.0,,,Concrete,,0.0,0.0,0.0,0.0,0.0,0.0,0.0,0.0,0.0,,,,No,0.0,,,,No,,,No,,,No,,,Yes,,484,Property Card,0,Small Old Single-Family Homes
34.0,IN,Sullivan,Sullivan,77-10-03-222-069.000-012,12.12.00.001119,1 Family Dwell - Platted Lot,735.0,S Section St,47882.0,1927,1974,1927,72,Single-Family,Single-Family 1,BUNGALOW,1635,3270,,,,1635.0,,,No,1635,1.0,,1.0,1635,2022.0,47900.0,,,Wood Frame,,2.0,0.0,0.0,1.0,6.0,2.0,0.0,1.0,1.0,Asphalt,,,No,0.0,,,,No,,,Yes,Concrete,109,No,,,Yes,,100,Property Card,1,Medium-Sized Post-1980 Single-Family Homes
12.0,IN,Sullivan,Sullivan,77-10-03-222-035.000-012,12.12.00.001243,1 Family Dwell - Platted Lot,719.0,S Main St,47882.0,1955,2008,1955,67,Single-Family,Single-Family 1,TRI-LEVEL,1620,1620,1620,,,,,,No,1620,1.0,,1.0,1620,2022.0,45100.0,,,Wood Frame,Central Warm Air,3.0,1.0,1.0,0.0,8.0,1.0,0.0,1.0,1.0,Metal,,,Yes,1.0,detached,576,Wood Frame,Yes,Wood,200,No,,,No,,,Yes,,"196, 144",Property Card,3,Large Older or Mixed-Use Buildings
67.0,IN ,Sullivan,Sullivan,77-10-03-222-068.001-012,12.12.00.003317,1 Family Dwell - Platted Lot,,Section St,47882.0,1950,1990,1950,72,Single-Family,Single-Family 1,OTHER,2568,2568,,2568.0,,,,,,,1.0,,1.0,2568,2022.0,70200.0,,,Wood Frame,Central Warm Air,0.0,0.0,0.0,0.0,0.0,3.0,2.0,1.0,1.0,,,,No,0.0,,,,No,,,Yes,,210,No,,,Yes,,340,Property Card,0,Small Old Single-Family Homes
68.0,IN ,Sullivan,Sullivan,77-10-03-222-068.000-012,12.12.00.000913,1 Family Dwell - Platted Lot,833.0,S Section St,47882.0,1935,1975,1935,77,Single-Family,Single-Family 1,BUNGALOW,1071,1071,1071,,,,,,,,1.0,,1.0,1071,2022.0,35400.0,,,Wood Frame,Central Warm Air,2.0,0.0,0.0,0.0,6.0,3.0,0.0,1.0,1.0,Asphalt,,,Yes,1.0,Detached,576,Concrete Block,No,,,No,,,No,,,No,,,Property Card,1,Medium-Sized Post-1980 Single-Family Homes
32.0,IN,Sullivan,Sullivan,77-10-03-222-065.000-012,12.12.00.001210,Other Retail Structures,,S Section St,47882.0,1980,1980,1980,42,C/I Building,C/I Building,,2100,2100,,,,,1: 2(260'),9',2100,2100,1.0,,0.0,2100,2022.0,79800.0,,,Brick,,0.0,0.0,0.0,0.0,0.0,0.0,0.0,0.0,0.0,,,,No,0.0,,,,No,,,No,,,No,,,No,,,Property Card,0,Small Old Single-Family Homes
76.0,IN ,Sullivan,Sullivan,77-10-03-222-030.000-012,12.12.00.001652,1 Family Dwell - Platted Lot,809.0,S Main St,47882.0,1930,1940,1930,82, Single-Family, Single-Family 1,BUNGALOW,966,966,966,,,,,,No,,1.0,,1.0,,2022.0,19400.0,,,Wood Frame,Central Warm Air,2.0,0.0,0.0,0.0,5.0,3.0,0.0,1.0,1.0,Asphalt,,,No,,,,,No,,,No,,,No,,,No,,,Property Card,1,Medium-Sized Post-1980 Single-Family Homes
10.0,IN,Sullivan,Sullivan,77-10-03-222-037.000-012,12.12.00.001062,1 Family Dwell - Platted Lot,715.0,S Main St,47882.0,1940,2018,1940,72,Single-Family,Single-Family 1,BUNGALOW,914,1828,,,,914.0,,,No,914,1.0,,1.0,914,2022.0,29900.0,,,Wood Frame,Central Warm Air,1.0,1.0,1.0,0.0,6.0,1.0,0.0,1.0,1.0,Asphalt,,,No,0.0,,,,No,,,No,,,No,,,Yes,,96,Property Card,1,Medium-Sized Post-1980 Single-Family Homes
69.0,IN ,Sullivan,Sullivan,77-10-03-222-056.000-012,12.12.00.000805,Other Retail Structures,809.0,S Court St,47882.0,1950,1950,1950,72,C/I Building,C/I Building,,3512,3512,,,,,1:2 (374'),12' 9' 14' 10',3512,2644,1.0,,0.0,3512,2022.0,61300.0,,,Brick,,0.0,0.0,0.0,0.0,0.0,0.0,0.0,0.0,0.0,,,,No,0.0,,,,No,,,No,,,Yes,T31SO,18' x 40' x 14',Yes,,308,Property Card,0,Small Old Single-Family Homes
6.0,IN,Sullivan,Sullivan,77-10-03-222-041.000-012,12.12.00.002469,1 Family Dwell - Platted Lot,703.0,S Main St,47882.0,1916,1960,1916,72,Single-Family,Single-Family 1,BUNGALOW,1560,1950,1170,,,390.0,,,No,1560,1.0,,1.0,1560,2022.0,47900.0,,,Wood Frame,Central Warm Air,3.0,1.0,1.0,0.0,8.0,2.0,0.0,1.0,1.0,Metal,,,Yes,1.0,detached,400,Concrete Block,No,,,Yes,Concrete,312,No,,,No,,,Property Card,3,Large Older or Mixed-Use Buildings
43.0,IN,Sullivan,Sullivan,77-10-03-222-042.000-012,12.12.00.002466,1 Family Dwell - Platted Lot,702.0,S Main St,47882.0,1930,1950,1930,72,Single-Family,Single-Family 1,CONVERSION,2960,4512,,,,1552.0,,,No,,2.0,,1.0,4512,2022.0,63000.0,,,Wood Frame,,4.0,0.0,0.0,0.0,8.0,1.0,0.0,1.0,1.0,Asphalt,,,No,0.0,,,,Yes,Wood,,No,,,No,,,No,,,Property Card,1,Medium-Sized Post-1980 Single-Family Homes
48.0,IN,Sullivan,Sullivan,77-10-03-222-047.000-012,12.12.00.002609,1 Family Dwell - Platted Lot,718.0,S Main St,47882.0,1931,1940,1931,91,Single-Family,Single-Family 1,BUNGALOW,1053,1316,790,,,263.0,,,No,,1.0,,1.0,1316,2022.0,24000.0,,,Wood Frame,,2.0,0.0,0.0,0.0,5.0,1.0,0.0,1.0,1.0,Metal,,,No,0.0,,,,No,,,No,,,No,,,Yes,Canopy,390,Property Card,1,Medium-Sized Post-1980 Single-Family Homes
17.0,IN,Sullivan,Sullivan,77-10-03-222-024.000-012,12.12.00.002919,1 Family Dwell - Platted Lot,718.0,S State St,47882.0,1920,1930,1920,92,Single-Family,Single-Family 1,BUNGALOW,736,736,736,,,,,,No,,1.0,,1.0,736,2022.0,12200.0,,,Wood Frame,,1.0,1.0,1.0,0.0,6.0,1.0,0.0,1.0,1.0,Asphalt,,,No,0.0,,,,No,,,No,,,No,,,No,,,Property Card,1,Medium-Sized Post-1980 Single-Family Homes
46.0,IN,Sullivan,Sullivan,77-10-03-222-045.000-012,12.12.00.001568,1 Family Dwell - Platted Lot,710.0,S Main St,47882.0,1960,1995,1960,62,Single-Family,Single-Family 1,TRI-LEVEL,1168,1168,1168,,,,,,No,,1.0,,1.0,1168,2022.0,22200.0,,,Wood Frame,,2.0,0.0,0.0,0.0,5.0,1.0,0.0,1.0,1.0,Asphalt,,,No,0.0,,,,No,,,No,,,No,,,Yes,,1,Property Card,1,Medium-Sized Post-1980 Single-Family Homes
35.0,IN,Sullivan,Sullivan,77-10-03-222-070.000-012,12.12.00.000275,Other Residential Structures,,S Section St,47882.0,2002,2002,2002,20,"Barn, Pole (T3)","Barn, Pole (T3) 1",,,24' x 24' x 9',,,,,,,No,,0.0,0.0,1.0,24' x 24' x 9',2022.0,4300.0,,,T3AW,,0.0,0.0,0.0,0.0,0.0,0.0,0.0,0.0,0.0,,,,No,0.0,,,,No,,,No,,,No,,,No,,,Property Card,0,Small Old Single-Family Homes
8.0,IN,Sullivan,Sullivan,77-10-03-222-039.000-012,12.12.00.001609,1 Family Dwell - Platted Lot,711.0,S Main St,47882.0,1940,2018,1940,82,Single-Family,Single-Family 1,BUNGALOW,1274,1274,1274,,,,,,No,1274,1.0,,1.0,1274,2022.0,29900.0,,,Wood Frame,Central Warm Air,3.0,1.0,1.0,0.0,6.0,1.0,0.0,1.0,1.0,Asphalt,,,No,0.0,,,,No,,,Yes,Concrete,360,No,,,No,,,Property Card,1,Medium-Sized Post-1980 Single-Family Homes
79.0,IN ,Sullivan,Sullivan,77-10-03-222-027.000-012,12.12.00.001871, Other Residential Structures,804.0,S State St,47882.0,2000,2000,2000,22,"Barn, Pole (T3)","Barn, Pole (T3)",,,32' x 54' x 14',,,,,,,No,,0.0,,1.0,,2022.0,24900.0,,,T3AW,,0.0,0.0,0.0,0.0,0.0,0.0,0.0,0.0,0.0,,,,No,,,,,No,,,No,,,No,,,No,,,Property Card,0,Small Old Single-Family Homes
28.0,IN,Sullivan,Sullivan,77-10-03-222-003.000-012,12.12.00.002654,Other Commercial Structures,713.0,S Ohio St,47882.0,2013,2014,2013,9,C/I Building,C/I Building,,3200,2560,,,,,,,3200,3191,1.0,,0.0,3200,2022.0,91600.0,,,sv,Central Warm Air,0.0,0.0,0.0,0.0,0.0,0.0,2.0,1.0,1.0,,,,No,0.0,,,,No,,,Yes,Concrete,96,Yes,T30W,12' x 24' x 14',Yes,,96,Property Card,0,Small Old Single-Family Homes
20.0,IN,Sullivan,Sullivan,77-10-03-222-019.001-012,12.12.00.000076,Other Commercial Structures,115.0,E Silver St,47882.0,1998,1998,1998,24,"Barn, Pole (T3)","Barn, Pole (T3) 1",,48' x 56' x 11',48' x 56' x 11',,,,,,,No,,1.0,,1.0,48' x 56' x 11',2022.0,23800.0,,,T3AW,,0.0,0.0,0.0,0.0,0.0,0.0,0.0,0.0,0.0,,,,No,0.0,,,,No,,,No,,,No,,,No,,,Property Card,0,Small Old Single-Family Homes
85.0,IN,Sullivan,Sullivan,77-10-03-222-006.000-012,12.12.00.001031, Vacant - Platted Lot,809.0,Ohio St,47882.0,,,,,,,,,,,,,,,,,,,,,,2022.0,2400.0,,,,,,,,,,,,,,,,,No,,,,,No,,,No,,,No,,,No,,,Property Card,2,Mobile or Manufactured Homes
26.0,IN,Sullivan,Sullivan,77-10-03-222-013.000-012,12.12.00.000933,Mobile or Manufactured Home - Plat,721.0,S State St,47882.0,2002,2013,2002,20,Single-Family,Single-Family 1,ROW,1232,1232,,1232.0,,,,,No,1232,1.0,,1.0,1232,2022.0,50700.0,,,sv,Central Warm Air,0.0,0.0,0.0,0.0,3.0,1.0,1.0,1.0,1.0,Asphalt,,,Yes,2.0,detached,"324, 576","Pole, Wood Frame",Yes,Wood,128,No,,,No,,,No,,,Property Card,3,Large Older or Mixed-Use Buildings
54.0,IN ,Sullivan,Sullivan,77-10-03-221-008.000-011,11.11.00.001502,1 Family Dwell - Unplatted (0 to 9.9,511.0,E Silver St,47882.0,2017,2015,2017,5,Single-Family,Single-Family 1,,1860,1860,1860,,,,,,No,,1.0,,1.0,1860,2022.0,168000.0,,,Wood Frame,,0.0,0.0,0.0,0.0,0.0,1.0,0.0,1.0,1.0,,,,Yes,1.0,attached,792,,Yes,Wood,"240, 168",No,,,Yes,T3AW,32' x 48' x 14',No,,,Property Card,3,Large Older or Mixed-Use Buildings
14.0,IN,Sullivan,Sullivan,77-10-03-222-020.000-012,12.12.00.002764,Commercial Garage,115.0,E Silver St,47882.0,1970,1995,1970,52,C/I Building,C/I Building,,6221,6221,,,,,1: 3(378'),"14', 9', 14', 10'",7471,4450,1.0,,0.0,3200,2022.0,65500.0,,,Concrete,Central Warm Air,0.0,0.0,0.0,0.0,0.0,0.0,0.0,0.0,0.0,,,,No,0.0,,,,No,,,No,,,No,,,No,,,Property Card,0,Small Old Single-Family Homes
25.0,IN,Sullivan,Sullivan,77-10-03-222-015.000-012,12.12.00.001605,1 Family Dwell - Platted Lot,711.0,S State St,47882.0,1975,1984,1975,47,Single-Family,Single-Family 1,TRI-LEVEL,1600,1600,1600,,,,,,No,1600,1.0,,1.0,1600,2022.0,53500.0,,,Wood Frame,Central Warm Air,3.0,1.0,1.0,0.0,9.0,1.0,0.0,1.0,1.0,Asphalt,,,Yes,1.0,detached,576,Wood Frame,No,,,No,,,No,,,No,,,Property Card,3,Large Older or Mixed-Use Buildings
4.0,IN,Sullivan,Sullivan,77-07-34-332-030.000-012,12.12.00.002148,1 Family Dwell - Platted Lot,341.0,S Main St,47882.0,1915,1950,1915,72,Single-Family,Single-Family 1,BUNGALOW,2160,2160,488,,,488.0,,,No,1/2:1184 1:976,1.5,,1.0,2160,2022.0,44000.0,,,Wood Frame,Central Warm Air,3.0,1.0,1.0,0.0,9.0,2.0,0.0,1.0,1.0,Asphalt,,,Yes,1.0,detached,,Wood Frame,No,,,No,,,No,,,Yes,,1,Property Card,3,Large Older or Mixed-Use Buildings
18.0,IN,Sullivan,Sullivan,77-10-03-222-025.000-012,12.12.00.002089,1 Family Dwell - Platted Lot,20.0,E Illinois St,47882.0,1930,1930,1030,92,Single-Family,Single-Family 1,BUNGALOW,528,528,,528.0,,,,,No,,1.0,,1.0,528,2022.0,9100.0,,,Wood Frame,,2.0,1.0,1.0,0.0,4.0,1.0,0.0,1.0,1.0,Asphalt,,,Yes,1.0,attached,216,,No,,,No,,,No,,,Yes,,1,Property Card,3,Large Older or Mixed-Use Buildings
39.0,IN,Sullivan,Sullivan,77-10-03-222-060.000-012,12.12.00.001844,1 Family Dwell - Platted Lot,725.0,S Court St,47882.0,1910,1940,1910,82,Single-Family,Single-Family 1,BUNGALOW,1584,1584,1200,384.0,,,,,No,,1.0,,1.0,1584,2022.0,19300.0,,,Wood Frame,,4.0,0.0,0.0,0.0,7.0,1.0,0.0,1.0,1.0,Metal,,,No,0.0,,,,Yes,Wood ,272,No,,,No,,,No,,,Property Card,1,Medium-Sized Post-1980 Single-Family Homes
9.0,IN,Sullivan,Sullivan,77-10-03-222-038.000-012,12.12.00.002202,1 Family Dwell - Platted Lot,713.0,S Main St,47882.0,1940,1955,1940,82,Single-Family,Single-Family 1,BUNGALOW,898,898,898,,,,,,No,898,1.0,,1.0,898,2022.0,21000.0,,,Wood Frame,Central Warm Air,1.0,1.0,1.0,0.0,5.0,1.0,0.0,1.0,1.0,Asphalt,,,No,0.0,,,,No,,,Yes,Concrete,60,No,,,Yes,,64,Property Card,1,Medium-Sized Post-1980 Single-Family Homes
88.0,IN ,Sullivan,Sullivan,77-10-03-222-009.000-012,12.12.00.000185, Vacant - Platted Lot,809.0,Ohio St,47882.0,,,,,,,,,,,,,,,,,,,,,,2022.0,1500.0,,,,,,,,,,,,,,,,,No,,,,,No,,,No,,,No,,,No,,,Property Card,2,Mobile or Manufactured Homes
7.0,IN,Sullivan,Sullivan,77-10-03-222-040.000-012,	12.12.00.001103,1 Family Dwell - Platted Lot,707.0,S Main St,47882.0,1986,2002,1986,36,Single-Family,Single-Family 1,TRI-LEVEL,1232,1232,1232,,,,,,No,,1.0,,1.0,1232,2022.0,41200.0,,,Wood Frame,Central Warm Air,2.0,1.0,1.0,0.0,6.0,1.0,0.0,1.0,1.0,Asphalt,,,Yes,1.0,attached,480,,No,,,No,,,No,,,Yes,,1,Property Card,3,Large Older or Mixed-Use Buildings
65.0,IN ,Sullivan,Sullivan,77-10-03-112-001.000-011,11.11.00.000581,1 Family Dwell - Platted Lot,89.0,S Co Rd 50 E,47882.0,1940,1960,1940,82,Single-Family,Single-Family 1,BUNGALOW,945,1890,,,,945.0,,,No,945,1.0,,1.0,1890,2022.0,58300.0,,,Wood Frame,Central Warm Air,2.0,1.0,1.0,0.0,6.0,1.0,0.0,1.0,1.0,Asphalt,,,Yes,1.0,attached,168,,Yes,Wood,240,Yes,Concrete,423,No,,,No,,,Property Card,3,Large Older or Mixed-Use Buildings
37.0,IN,Sullivan,Sullivan,77-10-03-222-062.000-012,12.12.00.002479,1 Family Dwell - Platted Lot,715.0,S Court St,47882.0,1920,1970,1920,52,Single-Family,Single-Family 1,CAPE COD,1664,1664,832,,832.0,,,,No,832,1.0,,1.0,1664,2022.0,32000.0,,,Wood Frame,,2.0,0.0,0.0,0.0,5.0,1.0,0.0,1.0,1.0,Asphalt,,,No,0.0,,,,No,,,No,,,No,,,No,,,Property Card,1,Medium-Sized Post-1980 Single-Family Homes
81.0,IN,Sullivan,Sullivan,77-10-03-222-012.000-012,12.12.00.001028,1 Family Dwell - Platted Lot,803.0,S State St,47882.0,1920,1940,1920,82,Single-Family,Single-Family 1,BUNGALOW,1024,1024,1024,,,,,,No,,1.0,,1.0,,2022.0,10400.0,,,Wood Frame,Central Warm Air,3.0,0.0,0.0,0.0,5.0,3.0,0.0,1.0,1.0,Asphalt,,,Yes,1.0,Detached,1,,No,,,No,,,No,,,No,,,Property Card,1,Medium-Sized Post-1980 Single-Family Homes
,,,,,,,,,,,,78,,,,,,,,,,,,,,,,,,,,,,,,,,,,,,,,,,,,,,,,,,,,,,,,,,,,,,,2,Mobile or Manufactured Homes
55.0,IN ,Sullivan,Sullivan,77-10-03-221-007.000-011,11.11.00.000920,1 Family Dwell - Platted Lot,515.0,E Silver St,47882.0,1970,1970,1970,52,Single-Family,Single-Family 1,TRI-LEVEL,720,720,720,,,,,,No,,1.0,,1.0,720,2022.0,26300.0,,,Wood Frame,Central Warm Air,2.0,1.0,1.0,0.0,4.0,1.0,0.0,1.0,1.0,Asphalt,,,Yes,1.0,detached,225,Wood Frame,No,,,No,,,No,,,No,,,Property Card,3,Large Older or Mixed-Use Buildings
44.0,IN,Sullivan,Sullivan,77-10-03-222-043.000-012,12.12.00.002482,Other Residential Structures,704.0,S Main St,47882.0,1950,1950,1950,72,Detached Garage,Detached Garage 1,,,196,,,,,,,No,,0.0,,1.0,14'x14',2022.0,6200.0,,,Wood Frame,,0.0,0.0,0.0,0.0,0.0,0.0,0.0,0.0,0.0,,,,No,0.0,,,,No,,,No,,,No,,,No,,,Property Card,0,Small Old Single-Family Homes
51.0,IN,Sullivan,Sullivan,77-10-03-222-050.000-012,12.12.00.002010, 1 Family Dwell - Platted Lot,724.0,S Main St,47882.0,1930,1960,1930,82,Single-Family,Single-Family 1,BUNGALOW,877,877,877,,,,,,No,,1.0,,1.0,877,2022.0,25500.0,,,Wood Frame,,2.0,0.0,0.0,0.0,5.0,1.0,0.0,1.0,1.0,Asphalt,,,No,0.0,,,,No,,,No,,,No,,,Yes,Utility Shed 1,64,Property Card,1,Medium-Sized Post-1980 Single-Family Homes
47.0,IN,Sullivan,Sullivan,77-10-03-222-046.000-012,12.12.00.001628,1 Family Dwell - Platted Lot,714.0,S Main St,47882.0,1940,1940,1940,82,Single-Family,Single-Family 1,BUNGALOW,1224,1530,918,,,306.0,,,No,1224,1.0,,1.0,1530,2022.0,10500.0,,,SV,,2.0,0.0,0.0,0.0,7.0,1.0,0.0,1.0,1.0,Asphalt,,,Yes,1.0,,576,,No,,,No,,,No,,,No,,,Property Card,1,Medium-Sized Post-1980 Single-Family Homes
62.0,IN ,Sullivan,Sullivan,77-10-03-112-004.000-011,11.11.00.000661,1 Family Dwell - Platted Lot,607.0,E Silver St,47882.0,1950,1978,1950,62,Single-Family,Single-Family 1,BUNGALOW,972,1458,486,,,486.0,,,No,972,1.0,,1.0,1458,2022.0,61500.0,,,wood Frame,Central Warm Air,2.0,1.0,1.0,0.0,5.0,1.0,0.0,1.0,1.0,Metal,,,No,0.0,,,,Yes,Wood,304,No,,,Yes,T3AW,24' x 40' x 10',No,,,Property Card,1,Medium-Sized Post-1980 Single-Family Homes
,,,,,,,,,,,,1940,,,,,,,,,,,,,,,,,,,,,,,,,,,,,,,,,,,,,,,,,,,,,,,,,,,,,,,0,Small Old Single-Family Homes
16.0,IN,Sullivan,Sullivan,77-10-03-222-022.000-012,12.12.00.002917,1 Family Dwell - Platted Lot,714.0,S State St,47882.0,1920,1945,1920,58,Single-Family,Single-Family 1,CAPE COD,1404,2488,1404,,1084.0,,,,No,1:1404 A:1084,1.0,,1.0,2488,2022.0,45800.0,,,Wood Frame,Central Warm Air,3.0,1.0,1.0,0.0,5.0,1.0,0.0,1.0,1.0,Asphalt,,,Yes,1.0,detached,676,Concrete Block,No,,,No,,,No,,,No,,,Property Card,3,Large Older or Mixed-Use Buildings
73.0,IN ,Sullivan,Sullivan,77-10-03-222-055.000-012,12.12.00.002564,Other Retail Structures,812.0,S Main St,47882.0,1960,1972,1960,62,C/I Building,C/I Building,,2160,2160,,,,,1:2 (200'),14',2160,2160,1.0,,0.0,2160,2022.0,66400.0,,,Pole,,0.0,0.0,0.0,0.0,0.0,0.0,0.0,0.0,0.0,,,,No,0.0,,,,No,,,No,,,No,,,No,,,Property Card,0,Small Old Single-Family Homes
42.0,IN,Sullivan,Sullivan,77-10-03-222-057.000-012,12.12.00.002510,Vacant - Platted Lot,,S Court St,47882.0,,,,,,,,,7400,,,,,,,No,,,,,,2022.0,1500.0,,,,,0.0,0.0,0.0,0.0,0.0,0.0,0.0,0.0,0.0,,,,,0.0,,,,No,,,No,,,No,,,No,,,Property Card,2,Mobile or Manufactured Homes
59.0,IN ,Sullivan,Sullivan,77-10-03-221-001.000-011,11.11.00.001538,1 Family Dwell - Platted Lot,541.0,E Silver St,47882.0,2014,2014,2014,8,Single-Family,Single-Family ,,1152,1152,1152,,,,,,No,1152,1.0,,1.0,1152,2022.0,137900.0,,,Wood Frame,Central Warm Air,0.0,0.0,0.0,0.0,0.0,2.0,0.0,1.0,1.0,Metal,,,No,0.0,,,,Yes,Wood,20,No,,,No,,,No,,,Property Card,1,Medium-Sized Post-1980 Single-Family Homes
49.0,IN,Sullivan,Sullivan,77-10-03-222-048.000-012,12.12.00.001241,1 Family Dwell - Platted Lot,720.0,S Main St,47882.0,1945,2013,1945,77,Single-Family,Single-Family 1,BUNGALOW,936,936,936,,,,,,No,,1.0,,1.0,936,2022.0,35200.0,,,Wood Frame,,3.0,0.0,0.0,0.0,5.0,1.0,0.0,1.0,1.0,Metal,,,Yes,1.0,Detached Garage,768,Wood Frame,Yes,Wood ,72,No,,,No,,,No,,,Property Card,1,Medium-Sized Post-1980 Single-Family Homes
80.0,IN ,Sullivan,Sullivan,77-10-03-222-028.000-012,12.12.00.002614,1 Family Dwell - Platted Lot,820.0,S State St,47882.0,1960,1960,1960,62,Single-Family,Single-Family 1, TRI-LEVEL,962,962,962,,,,,,No,,1.0,,1.0,,2022.0,32500.0,,,Wood Frame,Central Warm Air,2.0,0.0,0.0,0.0,6.0,3.0,0.0,1.0,1.0,Metal,,,No,,,,,No,,,Yes,Concrete,160,No,,,No,,,Property Card,1,Medium-Sized Post-1980 Single-Family Homes
58.0,IN ,Sullivan,Sullivan,77-10-03-221-001.000-011,11.11.00.001538,1 Family Dwell - Platted Lot,541.0,E Silver St,47882.0,1936,1936,1936,86,Single-Family,Single-Family 1,BUNGALOW,1380,2070,690,1152.0,,690.0,,,No,,1.0,,1.0,2070,2022.0,137900.0,,,Wood Frame,Central Warm Air,2.0,1.0,1.0,0.0,6.0,2.0,0.0,1.0,1.0,Asphalt,,,Yes,1.0,attached,1152,,No,,,Yes,Concrete,"64, 48",No,,,No,,,Property Card,3,Large Older or Mixed-Use Buildings
33.0,IN,Sullivan,Sullivan,77-10-03-222-066.000-012,12.12.00.002973,Vacant - Platted Lot,728.0,S Court St,47882.0,,,,,,,,,,,,,,,,No,,,,,,2022.0,1400.0,,,,,0.0,0.0,0.0,0.0,0.0,0.0,0.0,0.0,0.0,,,,,0.0,,,,No,,,No,,,No,,,No,,,Property Card,2,Mobile or Manufactured Homes
86.0,IN ,Sullivan,Sullivan,77-10-03-222-007.000-012,12.12.00.000169,Mobile or Manufactured Home - Plat,809.0,Ohio St,47882.0,2009,2009,2009,13,Single-Family,Single-Family 1,,2304,2304,,2304.0,,,,,No,,1.0,,1.0,,2022.0,83700.0,,,Wood Frame,Central Warm Air,0.0,0.0,0.0,0.0,0.0,6.0,0.0,1.0,1.0,,,,No,,,,,No,,,No,,,Yes,T3AW,36' x 56' x 14',Yes,,144,Property Card,0,Small Old Single-Family Homes
60.0,IN ,Sullivan,Sullivan,77-10-03-221-010.000-011,11.11.00.001284,Mobile or Manufactured Home - Plat,42.0,S Co Rd 50 E,47882.0,1964,1969,1964,30,Single-Family,Single-Family 1,DOUBL-WIDE MFG H,1012,1012,,1012.0,,,,,No,1012,1.0,,1.0,1012,2022.0,70400.0,,,Wood Frame,Central Warm Air,0.0,0.0,0.0,0.0,2.0,1.0,0.0,1.0,1.0,Asphalt,,,Yes,1.0,detached,864,Concrete Block,Yes,Wood,60,No,,,No,,,No,,,Property Card,3,Large Older or Mixed-Use Buildings
64.0,IN ,Sullivan,Sullivan,77-10-03-112-002.000-011,11.11.00.000650,Mobile or Manufactured Home - Plat,75.0,S Co Rd 50 E,47882.0,1995,1995,1995,27,Single-Family,Single-Family 1,DOUBL-WIDE MFG H,1344,1344,,1344.0,,,,,No,1344,1.0,,1.0,1344,2022.0,72400.0,,,Wood Frame,Central Warm Air,3.0,1.0,1.0,0.0,6.0,2.0,0.0,1.0,1.0,Asphalt,,,Yes,1.0,detached,576,Wood Frame,Yes,Wood,"89, 186",No,,,No,,,No,,,Property Card,3,Large Older or Mixed-Use Buildings
78.0,IN ,Sullivan,Sullivan,77-10-03-222-026.000-012,12.12.00.000067,1 Family Dwell - Platted Lot,800.0,S State St,47882.0,1930,1950,1930,72,Single-Family,Single-Family 1,BUNGALOW,1196,1196,1196,,,,,,No,,1.0,,1.0,,2022.0,39800.0,,,Wood Frame,Central Warm Air,2.0,0.0,0.0,0.0,6.0,3.0,0.0,1.0,1.0,Metal,,,Yes,1.0,Detached,576,Wood Frame,Yes,Wood,256,No,,,No,,,Yes,,144,Property Card,1,Medium-Sized Post-1980 Single-Family Homes
38.0,IN,Sullivan,Sullivan,77-10-03-222-061.000-012,12.12.00.002558,1 Family Dwell - Platted Lot,723.0,S Court St,47882.0,1930,1970,1930,82,Single-Family,Single-Family 1,BUNGALOW,1056,1488,432,192.0,,432.0,,,No,1056,1.0,,1.0,1056,2022.0,31100.0,,,Wood Frame,,2.0,0.0,0.0,0.0,6.0,1.0,0.0,1.0,1.0,Asphalt,,,Yes,1.0,Detached Garage,196,Wood Frame,Mp,,,No,,,No,,,No,,,Property Card,1,Medium-Sized Post-1980 Single-Family Homes
30.0,IN,Sullivan,Sullivan,77-10-03-222-064.000-012,12.12.00.001427, Vacant - Unplatted (0 to 9.99 Acres),,S Section St,47882.0,,,,,,,,,,,,,,,,No,,,,,,2022.0,900.0,,,,,0.0,0.0,0.0,0.0,0.0,0.0,0.0,0.0,0.0,,,,,0.0,,,,No,,,No,,,No,,,No,,,Property Card,2,Mobile or Manufactured Homes
2.0,IN,Sullivan,Sullivan,77-07-34-224-023.000-012,12.12.00.000846,Mobile or Manufactured Home - Plat,320.0,E Jackson St,47882.0,1986,1999,1986,32,Single-Family,Single-Family 1,DOUBL-WIDE MFG H,960,960,,960.0,,,,,No,960,1.0,,1.0,960,2022.0,67900.0,,,Wood Frame,Central Warm Air,2.0,1.0,1.0,0.0,3.0,2.0,0.0,1.0,1.0,Asphalt,,,Yes,1.0,atatched,,,No,,,Yes,Covered,,Yes,T3AW,28' x 46' x 12',No,,,Property Card,3,Large Older or Mixed-Use Buildings
53.0,IN ,Sullivan,Sullivan,77-10-03-221-008.001-011,11.11.00.002370,1 Family Dwell - Platted Lot,507.0,E Silver St,47882.0,1930,1950,1930,72,Single-Family,Single-Family 1,BUNGALOW,1378,2054,702,,,676.0,,,No,1378,1.0,,1.0,1378,2022.0,46000.0,,,Wood Frame,Central Warm Air,3.0,1.0,1.0,0.0,7.0,1.0,0.0,1.0,1.0,Asphalt,,,Yes,1.0,attached,288,,Yes,Wood,144,Yes,Concrete,54,No,,,No,,,Property Card,3,Large Older or Mixed-Use Buildings
22.0,IN,Sullivan,Sullivan,77-10-03-222-018.000-012,12.12.00.000226,Other Residential Structures,703.0,S State St,47882.0,1995,1995,1995,27,"Barn, Pole (T3)","Barn, Pole (T3) 1",,1' x 1' x 6',1' x 1' x 6',,,,,,,No,,1.0,,1.0,1' x 1' x 6',2022.0,3400.0,,,sv,,0.0,0.0,0.0,0.0,0.0,0.0,0.0,0.0,0.0,,,,No,0.0,,,,No,,,No,,,No,,,No,,,Property Card,0,Small Old Single-Family Homes
3.0,IN,Sullivan,Sullivan,77-07-28-443-014.000-012,12.12.00.002005,1 Family Dwell - Platted Lot,414.0,W Graysville St,47882.0,1930,1930,1930,92,Single-Family,Single-Family 1,BUNGALOW,1137,2648,1137,,,,,,No,1137,1.0,,1.0,1137,2022.0,80800.0,,,4/6 Masonry,Central Warm Air,2.0,1.0,0.0,0.0,5.0,1.0,0.0,1.0,1.0,Asphalt,,,Yes,1.0,detached,400,Wood Frame,No,,,Yes,Concrete,96,No,,,No,,,Property Card,3,Large Older or Mixed-Use Buildings
24.0,IN,Sullivan,Sullivan,77-10-03-222-016.000-012,12.12.00.002838,Mobile or Manufactured Home - Plat,709.0,S State St,47882.0,1967,1990,1967,55,Single-Family,Single-Family 1,SINGL-WIDE MFG H,672,672,,672.0,,,,,No,,1.0,,1.0,672,2022.0,8200.0,,,sv,Central Warm Air,0.0,0.0,0.0,0.0,2.0,1.0,0.0,1.0,1.0,,,,No,0.0,,,,No,,,Yes,Concrete,280,No,,,Yes,,100,Property Card,0,Small Old Single-Family Homes
84.0,IN ,Sullivan,Sullivan,77-10-03-222-010.000-012,12.12.00.001872,1 Family Dwell - Platted Lot,827.0,S State St,47882.0,1987,1999,1987,23, Single-Family, Single-Family,,3100,3100,,3100.0,,,,,No,,1.0,,1.0,,2022.0,69400.0,,,Wood Frame,Central Warm Air,0.0,0.0,0.0,0.0,0.0,6.0,0.0,1.0,1.0,,,,No,,,,,No,,,Yes,Concrete,112,No,,,Yes,,1,Property Card,0,Small Old Single-Family Homes
75.0,IN ,Sullivan,Sullivan,77-10-03-222-031.000-012,12.12.00.001589,1 Family Dwell - Platted Lot,805.0,S MAIN ST,47882.0,1930,1960,1930,62,Single-Family, Single-Family 1,BUNGALOW,1222,1222,1222,,,,,,No,,1.0,,1.0,,2022.0,41400.0,,,Wood Frame,Central Warm Air,2.0,0.0,0.0,0.0,6.0,3.0,0.0,1.0,1.0,Asphalt,,,Yes,1.0,Detached,576,Wood Frame,No,,,No,,,No,,,Yes,,288,Property Card,1,Medium-Sized Post-1980 Single-Family Homes
83.0,IN ,Sullivan,Sullivan,77-10-03-222-011.000-012,12.12.00.000006, Vacant - Platted Lot,813.0,S State St,47882.0,,,,,,,,,,,,,,,,,,,,,,2022.0,5100.0,,,,,,,,,,,,,,,,,No,,,,,No,,,No,,,No,,,No,,,Property Card,2,Mobile or Manufactured Homes
21.0,IN,Sullivan,Sullivan,77-10-03-222-019.000-012,12.12.00.002294,1 Family Dwell - Platted Lot,201.0,E Silver St,47882.0,1965,1974,1965,57,Single-Family,Single-Family 1,TRI-LEVEL,928,928,928,,,,,,No,928,1.0,,1.0,928,2022.0,27700.0,,,Wood Frame,Central Warm Air,3.0,1.0,1.0,0.0,6.0,1.0,0.0,1.0,1.0,Asphalt,,,Yes,1.0,detached,256,Wood Frame,Yes,Wood,80,No,,,No,,,No,,,Property Card,3,Large Older or Mixed-Use Buildings
61.0,IN ,Sullivan,Sullivan,77-10-03-221-009.000-011,11.11.00.001550,1 Family Dwell - Platted Lot,86.0,S Co Rd 50 E,47882.0,1940,1980,1940,82,Single-Family,Single-Family 1,BUNGALOW,1860,1860,1860,,,,,,No,1860,1.0,,1.0,1860,2022.0,58200.0,,,Wood Frame,Central Warm Air,3.0,1.0,1.0,0.0,8.0,1.0,0.0,1.0,1.0,Asphalt,,,Yes,1.0,attached,672,,No,,,Yes,Concrete,400,No,,,Yes,,"100, 1, 1, 1",Property Card,3,Large Older or Mixed-Use Buildings
72.0,IN ,Sullivan,Sullivan,77-10-03-222-054.000-012,12.12.00.002120,1 Family Dwell - Platted Lot,808.0,S Main St,47882.0,1990,2002,1990,20,Single-Family,Single-Family ,CONVERSION,624,624,,624.0,,,,,,,1.0,,1.0,624,2022.0,24300.0,,,Wood Frame,Central Warm Air,0.0,0.0,0.0,0.0,0.0,3.0,0.0,1.0,1.0,,,,No,0.0,,,,No,,,No,,,No,,,No,,,Property Card,0,Small Old Single-Family Homes
15.0,IN,Sullivan,Sullivan,77-10-03-222-021.000-012,12.12.00.002918,1 Family Dwell - Platted Lot,708.0,S State St,47882.0,1986,2005,1986,36,Single-Family,Single-Family 1,BUNGALOW,1056,1056,1056,,,,,,No,1056,1.0,,1.0,1056,2022.0,29100.0,,,Wood Frame,Central Warm Air,2.0,1.0,1.0,1.0,5.0,1.0,0.0,1.0,1.0,Asphalt,,,No,0.0,,,,No,,,No,,,No,,,Yes,,"144, 64, 64",Property Card,1,Medium-Sized Post-1980 Single-Family Homes
52.0,IN,Sullivan,Sullivan,77-10-03-222-051.000-012,12.12.00.002657,1 Family Dwell - Platted Lot,726.0,S Main St,47882.0,1940,1993,1940,82,Single-Family,Single-Family 1,BUNGALOW,768,768,768,,,,,,No,768,1.0,,1.0,768,2022.0,20000.0,,,Wood Frame,,2.0,0.0,0.0,0.0,5.0,1.0,0.0,1.0,1.0,Asphalt,,,No,0.0,,,,No,,,No,,,No,,,Yes,Utility Shed 1,64,Property Card,1,Medium-Sized Post-1980 Single-Family Homes
